symbol,subject,n_events,median_abs_adj_r_60m,mean_abs_adj_r_60m,ci_low,ci_high,median_adj_r_60m,share_positive_60m,median_vol_ratio_60m,median_rv_ratio_60m,median_adj_r_to_close,inference_supported
HAL,ALL SUBJECTS,217,0.0050869831898121,0.00876860795902643,0.004221507643338784,0.006504753621045828,0.0015984295102882407,0.576036866359447,1.1420248318694848,1.070299380408658,0.0004477761924022161,True
HAL,Management & Board Change,50,0.004153806861750112,0.006319464433814537,0.0033134155894183476,0.0053564198898813226,0.0016402203953979622,0.56,0.8023444183340529,0.9235005801056322,-0.0003137774261467302,True
HAL,Other / Unclassified,45,0.006677787230372212,0.009392041438108945,0.004058543417632482,0.00996216263578481,0.0021940609156516355,0.6222222222222222,1.1820707671701434,1.0792464316716146,0.0028778025994713463,True
HAL,Routine Filing,26,0.004260041539257672,0.006918012897356477,0.002700329453425715,0.00701396337926441,-0.0006759607933716771,0.46153846153846156,0.9052153769082378,0.9418224169494818,-0.0020770323178809225,True
HAL,Investor Communication,23,0.003296983431320011,0.011676834545958142,0.002220752846256807,0.007871812903952474,0.0010602935967574667,0.5217391304347826,1.0507688558100883,1.1014460947033369,-0.001093564566367916,True
HAL,Board Meeting Intimation,17,0.005194925451031229,0.011085449509873705,0.0027250499958199337,0.010968466805547666,-0.0016085849249857787,0.4117647058823529,1.1051144189003073,1.2127375213111529,-0.0027250499958199337,True
HAL,Capital & Corporate Action,15,0.004725215638667651,0.007764321523378855,0.004222168599167991,0.0101038351745113,-0.0010582250849063557,0.4666666666666667,0.812909192752094,1.1058568066881531,0.00045398647368863343,True
HAL,Order Win,13,0.009618030507916181,0.010486018734432927,0.002239535914694446,0.010702502582357498,0.009618030507916181,0.9230769230769231,2.1574723730404437,1.5693217775644084,0.0026794758621810355,True
HAL,Financial Results,11,0.01570436954716986,0.015900561555824727,0.006607937097172278,0.022503621815547686,0.012834780319554095,0.7272727272727273,9.47517293204108,5.145841838071075,0.004579937525448469,True
HAL,Clarification,10,0.0023914231436933525,0.004308951660873969,0.0008402267980179567,0.007773808708976621,0.000813778972891685,0.6,2.272427780788876,1.3684442073086265,-0.0031736043642076467,True
HAL,Credit Rating,5,0.0051764176619822355,0.005839140491504874,0.001100562833863783,0.010627486798234526,0.0051764176619822355,0.8,1.278224926286904,0.9461100616868029,0.006281552479610819,False
HAL,Board Meeting Outcome,1,0.002195661527383014,0.002195661527383014,,,-0.002195661527383014,0.0,0.5634182113282994,0.5584267696181143,-0.00656959452259448,False
HAL,M&A / Strategic,1,0.025114545040917452,0.025114545040917452,,,0.025114545040917452,1.0,4.282389030547136,1.9660391505931285,0.0130571028518629,False
HDFCBANK,ALL SUBJECTS,393,0.005428142249991524,0.008417639813971414,0.00456116374900653,0.0069102457684728225,-0.0007881335231426645,0.4402035623409669,1.0051734088446191,1.0144309184116915,-0.0008997924460066309,True
HDFCBANK,Routine Filing,105,0.004493866914168032,0.006598774187087883,0.003147333464869173,0.006693997510883454,-0.0005317079161434313,0.4666666666666667,1.0051734088446191,0.998799687139623,0.0003896440076520402,True
HDFCBANK,Capital & Corporate Action,82,0.00689967340210626,0.008869693762900806,0.004500662137507189,0.009050107181844957,-0.00036309065961806497,0.47560975609756095,0.9955760097312291,0.9437104946246204,-0.00215760695486604,True
HDFCBANK,Investor Communication,64,0.004613362535123955,0.007220703190833409,0.002754174521666153,0.006919984567420884,-0.0014432358186049626,0.34375,0.8941160050234416,0.9348272891167719,-0.0013398093526820337,True
HDFCBANK,Other / Unclassified,61,0.007936119136686709,0.010498344016846007,0.006449714147852947,0.009121525400317576,-0.0014262155993528813,0.4426229508196721,1.0639803671860517,1.0799444529676512,-0.0047666696677544085,True
HDFCBANK,Management & Board Change,32,0.004555389016846337,0.007430135825516047,0.00259625895601881,0.006753265007064302,-0.0016284015497547571,0.34375,1.1649476979840763,1.038680532726033,-0.0011629774172223911,True
HDFCBANK,M&A / Strategic,16,0.006210820886759116,0.010265121886258203,0.002961903262259119,0.013733288897350884,7.766912630807754e-05,0.5,1.5122175796521604,1.1661267049308375,0.002500645249198921,True
HDFCBANK,Board Meeting Intimation,15,0.0044589383571418395,0.007885002929380353,0.002217982410206598,0.011970382929052725,0.0004608309642608055,0.5333333333333333,0.7527824143238988,1.0320211047568504,0.0023811885395077226,True
HDFCBANK,Financial Results,10,0.015170471792039175,0.022395559970205016,0.006218390637096949,0.03575269345188209,-0.002771445033132161,0.5,2.4789919401491924,2.9718523675592117,0.000811509560958823,True
HDFCBANK,Clarification,4,0.004960795339565033,0.006319127956528406,0.0021276660329355157,0.013227255114048042,0.0033035130879571772,0.75,1.4060930833614962,1.013889748894026,0.0006706731069265892,False
HDFCBANK,Credit Rating,3,0.004267914888836544,0.004298728347916818,0.0008997924460066309,0.007728477708907278,-0.0008997924460066309,0.3333333333333333,0.8999504866425855,0.9346776557740561,-0.00046664077264385595,False
HDFCBANK,Board Meeting Outcome,1,0.0030126423384623513,0.0030126423384623513,,,-0.0030126423384623513,0.0,1.6674317907963796,2.798976412461792,-0.0021170385486870003,False
NYKAA,ALL SUBJECTS,212,0.006662570443907889,0.010454266184495934,0.005094564176535699,0.008715594197085008,0.0005232403829159848,0.5283018867924528,1.3796979085979861,1.1617339935038775,0.0003418627600199897,True
NYKAA,Routine Filing,48,0.0058936339226930284,0.008442767062286494,0.003719080653008411,0.008455349383921396,0.0015964858278284255,0.6041666666666666,1.428907054143888,1.1070670155195743,0.0031691291556970452,True
NYKAA,Investor Communication,42,0.0074698995235576715,0.009240171416860742,0.00432002380542465,0.009444822401452946,0.0018988199376230586,0.6190476190476191,1.2373199856501016,1.1227309829353513,-0.0010779034864610154,True
NYKAA,Capital & Corporate Action,38,0.003798115839638086,0.008477587412093817,0.002260574228288015,0.0070598649744647995,-0.00038584672995869984,0.47368421052631576,0.8764990092055132,1.0135672767149315,0.0006691951503394189,True
NYKAA,Other / Unclassified,29,0.013885619302219349,0.015443718832776666,0.008715594197085008,0.019776960545688227,0.0006846273533445413,0.5517241379310345,2.974018673063471,1.599599279038927,0.0003333333389723414,True
NYKAA,M&A / Strategic,13,0.004284599062450489,0.009025949937479053,0.00231160360214111,0.009606089269888707,-0.002766543306375685,0.23076923076923078,1.68470012682575,1.3675794150446794,-0.002304930282627904,True
NYKAA,Board Meeting Intimation,12,0.0029967744539648594,0.009847792520106131,0.0014981456992198966,0.01643140508176824,0.00092738048959011,0.5833333333333334,1.2830967005639433,1.1672749472651285,-0.0012418622130120072,True
NYKAA,Financial Results,12,0.01722530980702526,0.019380342273749743,0.0062112783980052405,0.03289167901010717,0.0019892782880735482,0.5833333333333334,12.740213891412527,2.6631098266098103,0.0020675307922264907,True
NYKAA,Management & Board Change,10,0.010321615081553909,0.011391011075376604,0.002116160392236388,0.01775691887903999,-0.001293047198301131,0.4,1.7725407062597889,1.4981675284579414,-0.005814878784938166,True
NYKAA,Clarification,4,0.006025765119563806,0.006758902858032975,0.001355180891008334,0.013628900301995955,-0.006025765119563806,0.25,1.8304252548870648,0.8942318769043465,-0.005331415877567108,False
NYKAA,Credit Rating,4,0.005878567310221794,0.010981888976437704,0.001967858980440468,0.03020256230486676,-0.003531211578488083,0.25,1.663044235469932,1.150857297596179,-0.0011005949396263176,False
RELIANCE,ALL SUBJECTS,435,0.006624766184487846,0.008583953626712987,0.006017289772338563,0.007399162974607654,-0.00018671318761082079,0.49195402298850577,1.025734649267199,1.0377187973173487,-0.0017283161123997637,True
RELIANCE,Routine Filing,152,0.006530715430469722,0.009030435629911314,0.005428941965559486,0.007846558949422044,-0.0009046437884857456,0.4868421052631579,1.0370753320988157,1.0381629025476837,-0.001331146673951622,True
RELIANCE,Investor Communication,107,0.006267588630119586,0.007753693698017113,0.004676992202176211,0.006989219051837581,1.2220248952810042e-05,0.5046728971962616,0.9452915730613217,0.980426205638593,-0.0025227900526792746,True
RELIANCE,M&A / Strategic,55,0.007397380111582641,0.008805192614668113,0.006018101046086882,0.008475750880570676,0.00013423809809678944,0.5272727272727272,1.119020767542955,1.075301812052706,-0.0017283161123997637,True
RELIANCE,Other / Unclassified,46,0.006901387682770738,0.007174756554378855,0.0037093407768530595,0.008296211161692463,-0.0003437476530039618,0.5,1.1549085193896258,1.057606185986093,-0.0020562562193005424,True
RELIANCE,Credit Rating,17,0.0067808226513928205,0.008571389771950044,0.0020522368926994827,0.00928665334561607,-0.00018671318761082079,0.4117647058823529,0.6382084971076374,0.9249095362831322,1.0739493175232484e-05,True
RELIANCE,Board Meeting Intimation,13,0.007407737518487306,0.007490508843062272,0.0030615092122272813,0.010615586334951771,0.0008334289879179946,0.5384615384615384,0.7439441073164238,1.0337423688047211,0.004389549845428331,True
RELIANCE,Capital & Corporate Action,13,0.0057498556125766265,0.006037901678381184,0.003284282251751758,0.008056553972415226,0.003284282251751758,0.6153846153846154,1.397424159464191,1.061303867688503,-0.0018089644198407973,True
RELIANCE,Financial Results,12,0.019330451691124004,0.018278428616898715,0.005379933912973547,0.0277761022944545,-0.003829987711594457,0.3333333333333333,3.2915193330912422,3.016696159546001,-0.008768863167328597,True
RELIANCE,Management & Board Change,12,0.008431925386524652,0.009914663996340776,0.0046361594819386565,0.01441116929949135,-0.006648016030536288,0.3333333333333333,1.41360848867467,1.0925897256296762,-0.010563907711165527,True
RELIANCE,Clarification,8,0.006266972700933543,0.007190489577104359,0.0028303398180802852,0.01192721501284566,-0.0007677807809811921,0.5,1.2546759549640154,1.0159188643658559,0.002729817918095012,False
RVNL,ALL SUBJECTS,326,0.008523143169194433,0.016128643380693235,0.0067140127564414565,0.01129895072340445,0.00029960655273839065,0.5061349693251533,1.2681519043334575,1.175014475955848,-0.00017980908617200309,True
RVNL,Order Win,104,0.010423986887916584,0.017219180283487096,0.005991829332510801,0.013489600912770877,0.004674669798186815,0.6442307692307693,1.4758183317439784,1.2059147965664154,0.0015585830351028257,True
RVNL,Management & Board Change,49,0.010553855636508958,0.013893329428716314,0.004934795815454168,0.01294417487043975,-0.0017426265058262946,0.40816326530612246,1.062656310986989,1.070425165739387,-0.0020869750016668243,True
RVNL,Routine Filing,48,0.007788743729012046,0.01295327022422743,0.0046366170429575915,0.011418910960880602,-0.0019335252821375964,0.375,0.8848013602820459,0.8763518786752594,-0.000577159214709716,True
RVNL,Other / Unclassified,43,0.0067140127564414565,0.012371018258874945,0.004708961891485897,0.008758593356150868,0.0003018851714864379,0.5116279069767442,1.0804071720424666,1.1004357752644005,-0.00010796285095160396,True
RVNL,M&A / Strategic,21,0.014577935217281457,0.02402218098106894,0.004505871652801169,0.03315869939059765,0.003568339430154638,0.6190476190476191,1.8656466430888623,1.3295505406383794,0.007832866242559411,True
RVNL,Investor Communication,18,0.00790396166463847,0.02082515545674584,0.00564733695501432,0.019351964546328204,0.0022423265039733103,0.5555555555555556,1.7156823458321406,1.28580711615167,0.005213835235515038,True
RVNL,Board Meeting Intimation,17,0.010464602871062989,0.01699585116958498,0.0048331098455215715,0.021572603827660103,-0.0030445416627655764,0.4117647058823529,1.1460551170622095,1.0663302218823834,0.0027892909089306805,True
RVNL,Financial Results,12,0.02535975719689823,0.024967920384305245,0.0036521259415832064,0.04279307201877715,-0.014770868170060333,0.08333333333333333,2.076757858527893,2.5701813577184778,-0.037066165249999075,True
RVNL,Capital & Corporate Action,7,0.01566532553727673,0.01337804345291915,0.0039729996532898715,0.01741943642425106,-4.455765691505076e-05,0.42857142857142855,2.050320417882248,1.274823492484749,0.003786391366419617,False
RVNL,Credit Rating,4,0.005346980506131027,0.015086839111350552,0.0021812547320795295,0.04747214070106062,-0.0014642960921960324,0.5,1.1789311558712035,1.0187903025717344,0.0030800422468063304,False
RVNL,Clarification,2,0.003735534278752131,0.003735534278752131,,,0.003735534278752131,1.0,6.7716623126127296,2.278269254855219,-0.01411477288374853,False
RVNL,Board Meeting Outcome,1,0.0033312522298765412,0.0033312522298765412,,,-0.0033312522298765412,0.0,4.349992908764005,3.7154423462746693,0.00246195192582499,False
